"Molecule ChEMBL ID";"Molecule Name";"Molecule Max Phase";"Molecular Weight";"#RO5 Violations";"AlogP";"Compound Key";"Smiles";"Standard Type";"Standard Relation";"Standard Value";"Standard Units";"pChEMBL Value";"Data Validity Comment";"Comment";"Uo Units";"Ligand Efficiency BEI";"Ligand Efficiency LE";"Ligand Efficiency LLE";"Ligand Efficiency SEI";"Potential Duplicate";"Assay ChEMBL ID";"Assay Description";"Assay Type";"BAO Format ID";"BAO Label";"Assay Organism";"Assay Tissue ChEMBL ID";"Assay Tissue Name";"Assay Cell Type";"Assay Subcellular Fraction";"Assay Parameters";"Assay Variant Accession";"Assay Variant Mutation";"Target ChEMBL ID";"Target Name";"Target Organism";"Target Type";"Document ChEMBL ID";"Source ID";"Source Description";"Document Journal";"Document Year";"Cell ChEMBL ID";"Properties";"Action Type";"Standard Text Value";"Value"
"CHEMBL3717844";"";"None";"438.45";"0";"1.74";"35";"C[C@@H]1CN(Cc2c[nH]nc2C(=O)N2CCC(O)C2)CCN1c1ccc(C(F)(F)F)cn1";"IC50";"'>'";"10000.0";"nM";"";"";"";"UO_0000065";"";"";"";"";"0";"CHEMBL3721022";"Inhibition of mouse ITPKb (640 to 942 residues) expressed in Escherichia coli HK100 assessed as reduction in phosphorylation of IP3 to IP4 incubated for 60 mins by kinase-Glo ATP depletion assay";"B";"BAO_0000019";"assay format";"Mus musculus";"None";"None";"None";"None";"";"";"";"CHEMBL3714704";"Kinase";"Mus musculus";"SINGLE PROTEIN";"CHEMBL3714741";"38";"SureChEMBL Patent Bioactivity Data";"";"2011";"None";"";"";"";"10000.0"
"CHEMBL3714944";"";"None";"433.44";"0";"2.21";"12";"C[C@@H]1CN(Cc2c[nH]nc2-c2nc(C(=N)N)c[nH]2)CCN1c1ccc(C(F)(F)F)cn1";"IC50";"'='";"476.0";"nM";"6.32";"";"";"UO_0000065";"14.59";"0.28";"4.11";"4.99";"0";"CHEMBL3721022";"Inhibition of mouse ITPKb (640 to 942 residues) expressed in Escherichia coli HK100 assessed as reduction in phosphorylation of IP3 to IP4 incubated for 60 mins by kinase-Glo ATP depletion assay";"B";"BAO_0000019";"assay format";"Mus musculus";"None";"None";"None";"None";"";"";"";"CHEMBL3714704";"Kinase";"Mus musculus";"SINGLE PROTEIN";"CHEMBL3714741";"38";"SureChEMBL Patent Bioactivity Data";"";"2011";"None";"";"";"";"476.0"
"CHEMBL3718870";"";"None";"458.44";"0";"3.64";"9";"C[C@@H]1CN(Cc2c[nH]nc2-c2ccc3oc(=O)[nH]c3c2)CCN1c1ccc(C(F)(F)F)cn1";"IC50";"'<'";"100.0";"nM";"";"";"";"UO_0000065";"";"";"";"";"0";"CHEMBL3721067";"Inhibition of mouse ITPKb (640 to 942 residues) expressed in Escherichia coli HK100 assessed as reduction in IP3 phosphorylation incubated for 60 mins by kinase-Glo ATP depletion assay";"B";"BAO_0000019";"assay format";"Mus musculus";"None";"None";"None";"None";"";"";"";"CHEMBL3714704";"Kinase";"Mus musculus";"SINGLE PROTEIN";"CHEMBL3714748";"38";"SureChEMBL Patent Bioactivity Data";"";"2012";"None";"";"";"";"100.0"
"CHEMBL3718179";"";"None";"418.50";"0";"3.09";"29";"Cc1ccc(N2CCN(Cc3c[nH]nc3-c3ccc4c(c3)CNC(=O)O4)C[C@H]2C)nc1";"IC50";"'<'";"100.0";"nM";"";"";"";"UO_0000065";"";"";"";"";"0";"CHEMBL3721067";"Inhibition of mouse ITPKb (640 to 942 residues) expressed in Escherichia coli HK100 assessed as reduction in IP3 phosphorylation incubated for 60 mins by kinase-Glo ATP depletion assay";"B";"BAO_0000019";"assay format";"Mus musculus";"None";"None";"None";"None";"";"";"";"CHEMBL3714704";"Kinase";"Mus musculus";"SINGLE PROTEIN";"CHEMBL3714748";"38";"SureChEMBL Patent Bioactivity Data";"";"2012";"None";"";"";"";"100.0"
"CHEMBL3716095";"";"None";"429.48";"0";"2.66";"35";"C[C@@H]1CN(Cc2c[nH]nc2-c2ccc3c(c2)CNC(=O)O3)CCN1c1ccc(C#N)cn1";"IC50";"'<'";"100.0";"nM";"";"";"";"UO_0000065";"";"";"";"";"0";"CHEMBL3721067";"Inhibition of mouse ITPKb (640 to 942 residues) expressed in Escherichia coli HK100 assessed as reduction in IP3 phosphorylation incubated for 60 mins by kinase-Glo ATP depletion assay";"B";"BAO_0000019";"assay format";"Mus musculus";"None";"None";"None";"None";"";"";"";"CHEMBL3714704";"Kinase";"Mus musculus";"SINGLE PROTEIN";"CHEMBL3714748";"38";"SureChEMBL Patent Bioactivity Data";"";"2012";"None";"";"";"";"100.0"
"CHEMBL3715530";"";"None";"486.45";"0";"3.00";"3";"C[C@@H]1CN(Cc2c[nH]nc2-c2ccc3oc(=O)[nH]c(=O)c3c2)CCN1c1ccc(C(F)(F)F)cn1";"IC50";"'<'";"100.0";"nM";"";"";"";"UO_0000065";"";"";"";"";"0";"CHEMBL3721067";"Inhibition of mouse ITPKb (640 to 942 residues) expressed in Escherichia coli HK100 assessed as reduction in IP3 phosphorylation incubated for 60 mins by kinase-Glo ATP depletion assay";"B";"BAO_0000019";"assay format";"Mus musculus";"None";"None";"None";"None";"";"";"";"CHEMBL3714704";"Kinase";"Mus musculus";"SINGLE PROTEIN";"CHEMBL3714748";"38";"SureChEMBL Patent Bioactivity Data";"";"2012";"None";"";"";"";"100.0"
"CHEMBL3714907";"";"None";"434.43";"0";"2.02";"14";"C[C@@H]1CN(Cc2c[nH]nc2-c2nc(C(N)=O)c[nH]2)CCN1c1ccc(C(F)(F)F)cn1";"IC50";"'='";"24.0";"nM";"7.62";"";"";"UO_0000065";"17.54";"0.34";"5.60";"6.36";"0";"CHEMBL3721022";"Inhibition of mouse ITPKb (640 to 942 residues) expressed in Escherichia coli HK100 assessed as reduction in phosphorylation of IP3 to IP4 incubated for 60 mins by kinase-Glo ATP depletion assay";"B";"BAO_0000019";"assay format";"Mus musculus";"None";"None";"None";"None";"";"";"";"CHEMBL3714704";"Kinase";"Mus musculus";"SINGLE PROTEIN";"CHEMBL3714741";"38";"SureChEMBL Patent Bioactivity Data";"";"2011";"None";"";"";"";"24.0"
"CHEMBL3719020";"";"None";"416.41";"0";"2.80";"13";"C[C@@H]1CN(Cc2c[nH]nc2-c2nc(C#N)c[nH]2)CCN1c1ccc(C(F)(F)F)cn1";"IC50";"'='";"102.0";"nM";"6.99";"";"";"UO_0000065";"16.79";"0.32";"4.19";"6.96";"0";"CHEMBL3721022";"Inhibition of mouse ITPKb (640 to 942 residues) expressed in Escherichia coli HK100 assessed as reduction in phosphorylation of IP3 to IP4 incubated for 60 mins by kinase-Glo ATP depletion assay";"B";"BAO_0000019";"assay format";"Mus musculus";"None";"None";"None";"None";"";"";"";"CHEMBL3714704";"Kinase";"Mus musculus";"SINGLE PROTEIN";"CHEMBL3714741";"38";"SureChEMBL Patent Bioactivity Data";"";"2011";"None";"";"";"";"102.0"
"CHEMBL3715575";"";"None";"490.46";"0";"3.75";"39";"O=C1NCc2cc(-c3n[nH]cc3CN3CCN(c4ccc(C(F)(F)F)cn4)C[C@H]3CF)ccc2O1";"IC50";"'<'";"100.0";"nM";"";"";"";"UO_0000065";"";"";"";"";"0";"CHEMBL3721067";"Inhibition of mouse ITPKb (640 to 942 residues) expressed in Escherichia coli HK100 assessed as reduction in IP3 phosphorylation incubated for 60 mins by kinase-Glo ATP depletion assay";"B";"BAO_0000019";"assay format";"Mus musculus";"None";"None";"None";"None";"";"";"";"CHEMBL3714704";"Kinase";"Mus musculus";"SINGLE PROTEIN";"CHEMBL3714748";"38";"SureChEMBL Patent Bioactivity Data";"";"2012";"None";"";"";"";"100.0"
"CHEMBL3715847";"";"None";"435.50";"0";"3.52";"41";"C[C@@H]1CN(Cc2c[nH]nc2-c2ccc3c(c2)CNC(=O)O3)CCN1Cc1ccccc1F";"IC50";"'<'";"100.0";"nM";"";"";"";"UO_0000065";"";"";"";"";"0";"CHEMBL3721067";"Inhibition of mouse ITPKb (640 to 942 residues) expressed in Escherichia coli HK100 assessed as reduction in IP3 phosphorylation incubated for 60 mins by kinase-Glo ATP depletion assay";"B";"BAO_0000019";"assay format";"Mus musculus";"None";"None";"None";"None";"";"";"";"CHEMBL3714704";"Kinase";"Mus musculus";"SINGLE PROTEIN";"CHEMBL3714748";"38";"SureChEMBL Patent Bioactivity Data";"";"2012";"None";"";"";"";"100.0"
"CHEMBL3716594";"";"None";"500.49";"1";"3.77";"31";"C[C@@H]1CN(Cc2c[nH]nc2C(=O)Nc2cc(-c3ccco3)n[nH]2)CCN1c1ccc(C(F)(F)F)cn1";"IC50";"'='";"5332.0";"nM";"5.27";"";"";"UO_0000065";"10.54";"0.20";"1.50";"4.43";"0";"CHEMBL3721022";"Inhibition of mouse ITPKb (640 to 942 residues) expressed in Escherichia coli HK100 assessed as reduction in phosphorylation of IP3 to IP4 incubated for 60 mins by kinase-Glo ATP depletion assay";"B";"BAO_0000019";"assay format";"Mus musculus";"None";"None";"None";"None";"";"";"";"CHEMBL3714704";"Kinase";"Mus musculus";"SINGLE PROTEIN";"CHEMBL3714741";"38";"SureChEMBL Patent Bioactivity Data";"";"2011";"None";"";"";"";"5332.0"
"CHEMBL3718082";"";"None";"408.47";"0";"3.00";"48";"C[C@@H]1CN(Cc2c[nH]nc2C2CCNCC2)CCN1c1ccc(C(F)(F)F)cn1";"IC50";"'='";"431.0";"nM";"6.37";"";"";"UO_0000065";"15.58";"0.30";"3.37";"10.60";"0";"CHEMBL3721022";"Inhibition of mouse ITPKb (640 to 942 residues) expressed in Escherichia coli HK100 assessed as reduction in phosphorylation of IP3 to IP4 incubated for 60 mins by kinase-Glo ATP depletion assay";"B";"BAO_0000019";"assay format";"Mus musculus";"None";"None";"None";"None";"";"";"";"CHEMBL3714704";"Kinase";"Mus musculus";"SINGLE PROTEIN";"CHEMBL3714741";"38";"SureChEMBL Patent Bioactivity Data";"";"2011";"None";"";"";"";"431.0"
"CHEMBL3718777";"";"None";"433.44";"0";"2.63";"Example 7";"C[C@@H]1CN(Cc2c[nH]nc2-c2c[nH]c(C(N)=O)c2)CCN1c1ccc(C(F)(F)F)cn1";"IC50";"'='";"2.0";"nM";"8.70";"";"";"UO_0000065";"20.07";"0.38";"6.07";"8.14";"0";"CHEMBL3721022";"Inhibition of mouse ITPKb (640 to 942 residues) expressed in Escherichia coli HK100 assessed as reduction in phosphorylation of IP3 to IP4 incubated for 60 mins by kinase-Glo ATP depletion assay";"B";"BAO_0000019";"assay format";"Mus musculus";"None";"None";"None";"None";"";"";"";"CHEMBL3714704";"Kinase";"Mus musculus";"SINGLE PROTEIN";"CHEMBL3714741";"38";"SureChEMBL Patent Bioactivity Data";"";"2011";"None";"";"";"";"2.0"
"CHEMBL3716876";"";"None";"472.43";"0";"2.61";"2";"O=c1[nH]c(=O)c2cc(-c3n[nH]cc3CN3CCN(c4ccc(C(F)(F)F)cn4)CC3)ccc2o1";"IC50";"'<'";"100.0";"nM";"";"";"";"UO_0000065";"";"";"";"";"0";"CHEMBL3721067";"Inhibition of mouse ITPKb (640 to 942 residues) expressed in Escherichia coli HK100 assessed as reduction in IP3 phosphorylation incubated for 60 mins by kinase-Glo ATP depletion assay";"B";"BAO_0000019";"assay format";"Mus musculus";"None";"None";"None";"None";"";"";"";"CHEMBL3714704";"Kinase";"Mus musculus";"SINGLE PROTEIN";"CHEMBL3714748";"38";"SureChEMBL Patent Bioactivity Data";"";"2012";"None";"";"";"";"100.0"
"CHEMBL3718060";"";"None";"471.48";"0";"4.41";"43";"C[C@@H]1CN(Cc2c[nH]nc2-c2ccc3c(c2)CNC(=O)O3)CCN1c1cccc(C(F)(F)F)c1";"IC50";"'<'";"100.0";"nM";"";"";"";"UO_0000065";"";"";"";"";"0";"CHEMBL3721067";"Inhibition of mouse ITPKb (640 to 942 residues) expressed in Escherichia coli HK100 assessed as reduction in IP3 phosphorylation incubated for 60 mins by kinase-Glo ATP depletion assay";"B";"BAO_0000019";"assay format";"Mus musculus";"None";"None";"None";"None";"";"";"";"CHEMBL3714704";"Kinase";"Mus musculus";"SINGLE PROTEIN";"CHEMBL3714748";"38";"SureChEMBL Patent Bioactivity Data";"";"2012";"None";"";"";"";"100.0"
"CHEMBL3719002";"";"None";"472.47";"0";"3.80";"21";"O=C1NCc2cc(-c3n[nH]cc3CN3CCCN(c4ccc(C(F)(F)F)cn4)CC3)ccc2O1";"IC50";"'<'";"100.0";"nM";"";"";"";"UO_0000065";"";"";"";"";"0";"CHEMBL3721067";"Inhibition of mouse ITPKb (640 to 942 residues) expressed in Escherichia coli HK100 assessed as reduction in IP3 phosphorylation incubated for 60 mins by kinase-Glo ATP depletion assay";"B";"BAO_0000019";"assay format";"Mus musculus";"None";"None";"None";"None";"";"";"";"CHEMBL3714704";"Kinase";"Mus musculus";"SINGLE PROTEIN";"CHEMBL3714748";"38";"SureChEMBL Patent Bioactivity Data";"";"2012";"None";"";"";"";"100.0"
"CHEMBL3716203";"";"None";"484.48";"0";"3.01";"26";"C[C@@H]1CN(Cc2c[nH]nc2-c2ccc3c(c2)C(=O)NC(=O)C3)CCN1c1ccc(C(F)(F)F)cn1";"IC50";"'<'";"100.0";"nM";"";"";"";"UO_0000065";"";"";"";"";"0";"CHEMBL3721067";"Inhibition of mouse ITPKb (640 to 942 residues) expressed in Escherichia coli HK100 assessed as reduction in IP3 phosphorylation incubated for 60 mins by kinase-Glo ATP depletion assay";"B";"BAO_0000019";"assay format";"Mus musculus";"None";"None";"None";"None";"";"";"";"CHEMBL3714704";"Kinase";"Mus musculus";"SINGLE PROTEIN";"CHEMBL3714748";"38";"SureChEMBL Patent Bioactivity Data";"";"2012";"None";"";"";"";"100.0"
"CHEMBL3717784";"";"None";"484.48";"0";"3.95";"34";"O=C1NCc2cc(-c3n[nH]cc3CN3CCN(c4ccc(C(F)(F)F)cn4)C4(CC4)C3)ccc2O1";"IC50";"'<'";"100.0";"nM";"";"";"";"UO_0000065";"";"";"";"";"0";"CHEMBL3721067";"Inhibition of mouse ITPKb (640 to 942 residues) expressed in Escherichia coli HK100 assessed as reduction in IP3 phosphorylation incubated for 60 mins by kinase-Glo ATP depletion assay";"B";"BAO_0000019";"assay format";"Mus musculus";"None";"None";"None";"None";"";"";"";"CHEMBL3714704";"Kinase";"Mus musculus";"SINGLE PROTEIN";"CHEMBL3714748";"38";"SureChEMBL Patent Bioactivity Data";"";"2012";"None";"";"";"";"100.0"
"CHEMBL3718704";"";"None";"502.45";"1";"2.87";"37";"O=C1NCc2cc(-c3n[nH]cc3CN3CCN(c4ccc(C(F)(F)F)cn4)C[C@H]3C(=O)O)ccc2O1";"IC50";"'<'";"100.0";"nM";"";"";"";"UO_0000065";"";"";"";"";"0";"CHEMBL3721067";"Inhibition of mouse ITPKb (640 to 942 residues) expressed in Escherichia coli HK100 assessed as reduction in IP3 phosphorylation incubated for 60 mins by kinase-Glo ATP depletion assay";"B";"BAO_0000019";"assay format";"Mus musculus";"None";"None";"None";"None";"";"";"";"CHEMBL3714704";"Kinase";"Mus musculus";"SINGLE PROTEIN";"CHEMBL3714748";"38";"SureChEMBL Patent Bioactivity Data";"";"2012";"None";"";"";"";"100.0"
"CHEMBL3717339";"";"None";"445.45";"0";"3.18";"18";"C[C@@H]1CN(Cc2c[nH]nc2C(=O)Nc2ccncc2)CCN1c1ccc(C(F)(F)F)cn1";"IC50";"'='";"449.0";"nM";"6.35";"";"";"UO_0000065";"14.25";"0.27";"3.17";"7.05";"0";"CHEMBL3721022";"Inhibition of mouse ITPKb (640 to 942 residues) expressed in Escherichia coli HK100 assessed as reduction in phosphorylation of IP3 to IP4 incubated for 60 mins by kinase-Glo ATP depletion assay";"B";"BAO_0000019";"assay format";"Mus musculus";"None";"None";"None";"None";"";"";"";"CHEMBL3714704";"Kinase";"Mus musculus";"SINGLE PROTEIN";"CHEMBL3714741";"38";"SureChEMBL Patent Bioactivity Data";"";"2011";"None";"";"";"";"449.0"
"CHEMBL3718315";"";"None";"452.48";"0";"2.13";"36";"C[C@@H]1CN(Cc2c[nH]nc2C(=O)N2CCC(O)CC2)CCN1c1ccc(C(F)(F)F)cn1";"IC50";"'>'";"10000.0";"nM";"";"";"";"UO_0000065";"";"";"";"";"0";"CHEMBL3721022";"Inhibition of mouse ITPKb (640 to 942 residues) expressed in Escherichia coli HK100 assessed as reduction in phosphorylation of IP3 to IP4 incubated for 60 mins by kinase-Glo ATP depletion assay";"B";"BAO_0000019";"assay format";"Mus musculus";"None";"None";"None";"None";"";"";"";"CHEMBL3714704";"Kinase";"Mus musculus";"SINGLE PROTEIN";"CHEMBL3714741";"38";"SureChEMBL Patent Bioactivity Data";"";"2011";"None";"";"";"";"10000.0"
"CHEMBL3719211";"";"None";"488.47";"0";"2.78";"20";"O=C1NCc2cc(-c3n[nH]cc3CN3CCN(c4ccc(C(F)(F)F)cn4)[C@H](CO)C3)ccc2O1";"IC50";"'<'";"100.0";"nM";"";"";"";"UO_0000065";"";"";"";"";"0";"CHEMBL3721067";"Inhibition of mouse ITPKb (640 to 942 residues) expressed in Escherichia coli HK100 assessed as reduction in IP3 phosphorylation incubated for 60 mins by kinase-Glo ATP depletion assay";"B";"BAO_0000019";"assay format";"Mus musculus";"None";"None";"None";"None";"";"";"";"CHEMBL3714704";"Kinase";"Mus musculus";"SINGLE PROTEIN";"CHEMBL3714748";"38";"SureChEMBL Patent Bioactivity Data";"";"2012";"None";"";"";"";"100.0"
"CHEMBL3715628";"";"None";"470.46";"0";"3.56";"10";"O=C1NCc2cc(-c3n[nH]cc3CN3C4CC3CN(c3ccc(C(F)(F)F)cn3)C4)ccc2O1";"IC50";"'<'";"100.0";"nM";"";"";"";"UO_0000065";"";"";"";"";"0";"CHEMBL3721067";"Inhibition of mouse ITPKb (640 to 942 residues) expressed in Escherichia coli HK100 assessed as reduction in IP3 phosphorylation incubated for 60 mins by kinase-Glo ATP depletion assay";"B";"BAO_0000019";"assay format";"Mus musculus";"None";"None";"None";"None";"";"";"";"CHEMBL3714704";"Kinase";"Mus musculus";"SINGLE PROTEIN";"CHEMBL3714748";"38";"SureChEMBL Patent Bioactivity Data";"";"2012";"None";"";"";"";"100.0"
"CHEMBL3718709";"";"None";"403.49";"0";"3.45";"17";"Cc1cccc(N2CCN(Cc3c[nH]nc3-c3ccc4[nH]c(=O)oc4c3)CC2)c1C";"IC50";"'<'";"100.0";"nM";"";"";"";"UO_0000065";"";"";"";"";"0";"CHEMBL3721067";"Inhibition of mouse ITPKb (640 to 942 residues) expressed in Escherichia coli HK100 assessed as reduction in IP3 phosphorylation incubated for 60 mins by kinase-Glo ATP depletion assay";"B";"BAO_0000019";"assay format";"Mus musculus";"None";"None";"None";"None";"";"";"";"CHEMBL3714704";"Kinase";"Mus musculus";"SINGLE PROTEIN";"CHEMBL3714748";"38";"SureChEMBL Patent Bioactivity Data";"";"2012";"None";"";"";"";"100.0"
"CHEMBL3715392";"";"None";"458.44";"0";"3.64";"6";"C[C@@H]1CN(Cc2c[nH]nc2-c2ccc3[nH]c(=O)oc3c2)CCN1c1ccc(C(F)(F)F)cn1";"IC50";"'<'";"100.0";"nM";"";"";"";"UO_0000065";"";"";"";"";"0";"CHEMBL3721067";"Inhibition of mouse ITPKb (640 to 942 residues) expressed in Escherichia coli HK100 assessed as reduction in IP3 phosphorylation incubated for 60 mins by kinase-Glo ATP depletion assay";"B";"BAO_0000019";"assay format";"Mus musculus";"None";"None";"None";"None";"";"";"";"CHEMBL3714704";"Kinase";"Mus musculus";"SINGLE PROTEIN";"CHEMBL3714748";"38";"SureChEMBL Patent Bioactivity Data";"";"2012";"None";"";"";"";"100.0"
"CHEMBL3718172";"";"None";"526.44";"1";"4.35";"7";"O=C1NCc2cc(-c3n[nH]cc3CN3CCN(c4ccc(C(F)(F)F)cn4)C(C(F)(F)F)C3)ccc2O1";"IC50";"'<'";"100.0";"nM";"";"";"";"UO_0000065";"";"";"";"";"0";"CHEMBL3721067";"Inhibition of mouse ITPKb (640 to 942 residues) expressed in Escherichia coli HK100 assessed as reduction in IP3 phosphorylation incubated for 60 mins by kinase-Glo ATP depletion assay";"B";"BAO_0000019";"assay format";"Mus musculus";"None";"None";"None";"None";"";"";"";"CHEMBL3714704";"Kinase";"Mus musculus";"SINGLE PROTEIN";"CHEMBL3714748";"38";"SureChEMBL Patent Bioactivity Data";"";"2012";"None";"";"";"";"100.0"
"CHEMBL3715695";"";"None";"526.44";"1";"4.35";"11";"O=C1NCc2cc(-c3n[nH]cc3CN3CCN(c4ccc(C(F)(F)F)cn4)CC3C(F)(F)F)ccc2O1";"IC50";"'<'";"100.0";"nM";"";"";"";"UO_0000065";"";"";"";"";"0";"CHEMBL3721067";"Inhibition of mouse ITPKb (640 to 942 residues) expressed in Escherichia coli HK100 assessed as reduction in IP3 phosphorylation incubated for 60 mins by kinase-Glo ATP depletion assay";"B";"BAO_0000019";"assay format";"Mus musculus";"None";"None";"None";"None";"";"";"";"CHEMBL3714704";"Kinase";"Mus musculus";"SINGLE PROTEIN";"CHEMBL3714748";"38";"SureChEMBL Patent Bioactivity Data";"";"2012";"None";"";"";"";"100.0"
"CHEMBL3716449";"";"None";"526.44";"1";"4.35";"18";"O=C1NCc2cc(-c3n[nH]cc3CN3CCN(c4ccc(C(F)(F)F)cn4)[C@H](C(F)(F)F)C3)ccc2O1";"IC50";"'<'";"100.0";"nM";"";"";"";"UO_0000065";"";"";"";"";"0";"CHEMBL3721067";"Inhibition of mouse ITPKb (640 to 942 residues) expressed in Escherichia coli HK100 assessed as reduction in IP3 phosphorylation incubated for 60 mins by kinase-Glo ATP depletion assay";"B";"BAO_0000019";"assay format";"Mus musculus";"None";"None";"None";"None";"";"";"";"CHEMBL3714704";"Kinase";"Mus musculus";"SINGLE PROTEIN";"CHEMBL3714748";"38";"SureChEMBL Patent Bioactivity Data";"";"2012";"None";"";"";"";"100.0"
"CHEMBL3719050";"";"None";"471.49";"0";"3.84";"24";"O=C1NCc2cc(-c3n[nH]cc3CN3CCCN(c4ccc(C(F)(F)F)cn4)CC3)ccc2N1";"IC50";"'<'";"100.0";"nM";"";"";"";"UO_0000065";"";"";"";"";"0";"CHEMBL3721067";"Inhibition of mouse ITPKb (640 to 942 residues) expressed in Escherichia coli HK100 assessed as reduction in IP3 phosphorylation incubated for 60 mins by kinase-Glo ATP depletion assay";"B";"BAO_0000019";"assay format";"Mus musculus";"None";"None";"None";"None";"";"";"";"CHEMBL3714704";"Kinase";"Mus musculus";"SINGLE PROTEIN";"CHEMBL3714748";"38";"SureChEMBL Patent Bioactivity Data";"";"2012";"None";"";"";"";"100.0"
"CHEMBL3716969";"";"None";"429.48";"0";"2.66";"27";"C[C@@H]1CN(Cc2c[nH]nc2-c2ccc3c(c2)CNC(=O)O3)CCN1c1cc(C#N)ccn1";"IC50";"'<'";"100.0";"nM";"";"";"";"UO_0000065";"";"";"";"";"0";"CHEMBL3721067";"Inhibition of mouse ITPKb (640 to 942 residues) expressed in Escherichia coli HK100 assessed as reduction in IP3 phosphorylation incubated for 60 mins by kinase-Glo ATP depletion assay";"B";"BAO_0000019";"assay format";"Mus musculus";"None";"None";"None";"None";"";"";"";"CHEMBL3714704";"Kinase";"Mus musculus";"SINGLE PROTEIN";"CHEMBL3714748";"38";"SureChEMBL Patent Bioactivity Data";"";"2012";"None";"";"";"";"100.0"
"CHEMBL3716374";"";"None";"459.45";"0";"4.22";"27";"C[C@@H]1CN(Cc2c[nH]nc2-c2nc3cc(F)ccc3[nH]2)CCN1c1ccc(C(F)(F)F)cn1";"IC50";"'='";"9798.0";"nM";"5.01";"";"";"UO_0000065";"10.90";"0.21";"0.79";"6.53";"0";"CHEMBL3721022";"Inhibition of mouse ITPKb (640 to 942 residues) expressed in Escherichia coli HK100 assessed as reduction in phosphorylation of IP3 to IP4 incubated for 60 mins by kinase-Glo ATP depletion assay";"B";"BAO_0000019";"assay format";"Mus musculus";"None";"None";"None";"None";"";"";"";"CHEMBL3714704";"Kinase";"Mus musculus";"SINGLE PROTEIN";"CHEMBL3714741";"38";"SureChEMBL Patent Bioactivity Data";"";"2011";"None";"";"";"";"9798.0"
"CHEMBL3715353";"";"None";"484.48";"0";"3.95";"12";"O=C1NCc2cc(-c3n[nH]cc3CN3C4CCC3CN(c3ccc(C(F)(F)F)cn3)C4)ccc2O1";"IC50";"'<'";"100.0";"nM";"";"";"";"UO_0000065";"";"";"";"";"0";"CHEMBL3721067";"Inhibition of mouse ITPKb (640 to 942 residues) expressed in Escherichia coli HK100 assessed as reduction in IP3 phosphorylation incubated for 60 mins by kinase-Glo ATP depletion assay";"B";"BAO_0000019";"assay format";"Mus musculus";"None";"None";"None";"None";"";"";"";"CHEMBL3714704";"Kinase";"Mus musculus";"SINGLE PROTEIN";"CHEMBL3714748";"38";"SureChEMBL Patent Bioactivity Data";"";"2012";"None";"";"";"";"100.0"
"CHEMBL3716451";"";"None";"419.46";"0";"3.54";"25";"Cc1nc(-c2n[nH]cc2CN2CCN(c3ccc(C(F)(F)F)cn3)[C@H](C)C2)[nH]c1C";"IC50";"'>'";"10000.0";"nM";"";"";"";"UO_0000065";"";"";"";"";"0";"CHEMBL3721022";"Inhibition of mouse ITPKb (640 to 942 residues) expressed in Escherichia coli HK100 assessed as reduction in phosphorylation of IP3 to IP4 incubated for 60 mins by kinase-Glo ATP depletion assay";"B";"BAO_0000019";"assay format";"Mus musculus";"None";"None";"None";"None";"";"";"";"CHEMBL3714704";"Kinase";"Mus musculus";"SINGLE PROTEIN";"CHEMBL3714741";"38";"SureChEMBL Patent Bioactivity Data";"";"2011";"None";"";"";"";"10000.0"
"CHEMBL3716790";"";"None";"469.39";"0";"3.94";"29";"N#Cc1c[nH]c(-c2n[nH]cc2CN2CCN(c3ccc(C(F)(F)F)cn3)[C@H](C(F)(F)F)C2)c1";"IC50";"'='";"9.0";"nM";"8.05";"";"";"UO_0000065";"17.14";"0.33";"4.11";"9.18";"0";"CHEMBL3721022";"Inhibition of mouse ITPKb (640 to 942 residues) expressed in Escherichia coli HK100 assessed as reduction in phosphorylation of IP3 to IP4 incubated for 60 mins by kinase-Glo ATP depletion assay";"B";"BAO_0000019";"assay format";"Mus musculus";"None";"None";"None";"None";"";"";"";"CHEMBL3714704";"Kinase";"Mus musculus";"SINGLE PROTEIN";"CHEMBL3714741";"38";"SureChEMBL Patent Bioactivity Data";"";"2011";"None";"";"";"";"9.0"
"CHEMBL3718688";"";"None";"415.42";"0";"3.40";"Example 4";"C[C@@H]1CN(Cc2c[nH]nc2-c2ccc(C#N)[nH]2)CCN1c1ccc(C(F)(F)F)cn1";"IC50";"'='";"81.0";"nM";"7.09";"";"";"UO_0000065";"17.07";"0.32";"3.69";"8.09";"0";"CHEMBL3721022";"Inhibition of mouse ITPKb (640 to 942 residues) expressed in Escherichia coli HK100 assessed as reduction in phosphorylation of IP3 to IP4 incubated for 60 mins by kinase-Glo ATP depletion assay";"B";"BAO_0000019";"assay format";"Mus musculus";"None";"None";"None";"None";"";"";"";"CHEMBL3714704";"Kinase";"Mus musculus";"SINGLE PROTEIN";"CHEMBL3714741";"38";"SureChEMBL Patent Bioactivity Data";"";"2011";"None";"";"";"";"81.0"
"CHEMBL3715382";"";"None";"427.43";"0";"3.47";"19";"C[C@@H]1CN(Cc2n[nH]nc2-c2ccc(C#N)cc2)CCN1c1ccc(C(F)(F)F)cn1";"IC50";"'='";"40.0";"nM";"7.40";"";"";"UO_0000065";"17.31";"0.33";"3.93";"8.73";"0";"CHEMBL3721022";"Inhibition of mouse ITPKb (640 to 942 residues) expressed in Escherichia coli HK100 assessed as reduction in phosphorylation of IP3 to IP4 incubated for 60 mins by kinase-Glo ATP depletion assay";"B";"BAO_0000019";"assay format";"Mus musculus";"None";"None";"None";"None";"";"";"";"CHEMBL3714704";"Kinase";"Mus musculus";"SINGLE PROTEIN";"CHEMBL3714741";"38";"SureChEMBL Patent Bioactivity Data";"";"2011";"None";"";"";"";"40.0"
"CHEMBL3718674";"";"None";"434.47";"0";"2.78";"10";"C[C@@H]1CN(Cc2c[nH]nc2C2=CCN(C=O)CC2)CCN1c1ccc(C(F)(F)F)cn1";"IC50";"'='";"10.0";"nM";"8.00";"";"";"UO_0000065";"18.41";"0.35";"5.22";"11.70";"0";"CHEMBL3721022";"Inhibition of mouse ITPKb (640 to 942 residues) expressed in Escherichia coli HK100 assessed as reduction in phosphorylation of IP3 to IP4 incubated for 60 mins by kinase-Glo ATP depletion assay";"B";"BAO_0000019";"assay format";"Mus musculus";"None";"None";"None";"None";"";"";"";"CHEMBL3714704";"Kinase";"Mus musculus";"SINGLE PROTEIN";"CHEMBL3714741";"38";"SureChEMBL Patent Bioactivity Data";"";"2011";"None";"";"";"";"10.0"
"CHEMBL3716738";"";"None";"445.49";"0";"3.80";"26";"C[C@@H]1CN(Cc2c[nH]nc2-c2nc3c([nH]2)CCCC3)CCN1c1ccc(C(F)(F)F)cn1";"IC50";"'='";"5012.0";"nM";"5.30";"";"";"UO_0000065";"11.90";"0.23";"1.50";"6.91";"0";"CHEMBL3721022";"Inhibition of mouse ITPKb (640 to 942 residues) expressed in Escherichia coli HK100 assessed as reduction in phosphorylation of IP3 to IP4 incubated for 60 mins by kinase-Glo ATP depletion assay";"B";"BAO_0000019";"assay format";"Mus musculus";"None";"None";"None";"None";"";"";"";"CHEMBL3714704";"Kinase";"Mus musculus";"SINGLE PROTEIN";"CHEMBL3714741";"38";"SureChEMBL Patent Bioactivity Data";"";"2011";"None";"";"";"";"5012.0"
"CHEMBL3719200";"";"None";"451.48";"0";"1.88";"46";"C[C@@H]1CN(Cc2c[nH]nc2/C=C2\NC(=S)NC2=O)CCN1c1ccc(C(F)(F)F)cn1";"IC50";"'>'";"10000.0";"nM";"";"";"";"UO_0000065";"";"";"";"";"0";"CHEMBL3721022";"Inhibition of mouse ITPKb (640 to 942 residues) expressed in Escherichia coli HK100 assessed as reduction in phosphorylation of IP3 to IP4 incubated for 60 mins by kinase-Glo ATP depletion assay";"B";"BAO_0000019";"assay format";"Mus musculus";"None";"None";"None";"None";"";"";"";"CHEMBL3714704";"Kinase";"Mus musculus";"SINGLE PROTEIN";"CHEMBL3714741";"38";"SureChEMBL Patent Bioactivity Data";"";"2011";"None";"";"";"";"10000.0"
"CHEMBL3719242";"";"None";"467.50";"0";"4.59";"15";"C[C@@H]1CN(Cc2c[nH]nc2-c2nc(-c3ccccc3)c[nH]2)CCN1c1ccc(C(F)(F)F)cn1";"IC50";"'='";"1233.0";"nM";"5.91";"";"";"UO_0000065";"12.64";"0.24";"1.32";"7.70";"0";"CHEMBL3721022";"Inhibition of mouse ITPKb (640 to 942 residues) expressed in Escherichia coli HK100 assessed as reduction in phosphorylation of IP3 to IP4 incubated for 60 mins by kinase-Glo ATP depletion assay";"B";"BAO_0000019";"assay format";"Mus musculus";"None";"None";"None";"None";"";"";"";"CHEMBL3714704";"Kinase";"Mus musculus";"SINGLE PROTEIN";"CHEMBL3714741";"38";"SureChEMBL Patent Bioactivity Data";"";"2011";"None";"";"";"";"1233.0"
"CHEMBL3717458";"";"None";"440.47";"0";"4.68";"8";"C[C@@H]1CN(Cc2c[nH]nc2-c2cc3ccccc3[nH]2)CCN1c1ccc(C(F)(F)F)cn1";"IC50";"'='";"192.0";"nM";"6.72";"";"";"UO_0000065";"15.25";"0.29";"2.04";"10.52";"0";"CHEMBL3721022";"Inhibition of mouse ITPKb (640 to 942 residues) expressed in Escherichia coli HK100 assessed as reduction in phosphorylation of IP3 to IP4 incubated for 60 mins by kinase-Glo ATP depletion assay";"B";"BAO_0000019";"assay format";"Mus musculus";"None";"None";"None";"None";"";"";"";"CHEMBL3714704";"Kinase";"Mus musculus";"SINGLE PROTEIN";"CHEMBL3714741";"38";"SureChEMBL Patent Bioactivity Data";"";"2011";"None";"";"";"";"192.0"
"CHEMBL3716533";"";"None";"435.41";"0";"3.49";"52";"C[C@@H]1CN(Cc2c[nH]nc2-c2cc(C(=O)O)co2)CCN1c1ccc(C(F)(F)F)cn1";"IC50";"'='";"1042.0";"nM";"5.98";"";"";"UO_0000065";"13.74";"0.26";"2.49";"6.07";"0";"CHEMBL3721022";"Inhibition of mouse ITPKb (640 to 942 residues) expressed in Escherichia coli HK100 assessed as reduction in phosphorylation of IP3 to IP4 incubated for 60 mins by kinase-Glo ATP depletion assay";"B";"BAO_0000019";"assay format";"Mus musculus";"None";"None";"None";"None";"";"";"";"CHEMBL3714704";"Kinase";"Mus musculus";"SINGLE PROTEIN";"CHEMBL3714741";"38";"SureChEMBL Patent Bioactivity Data";"";"2011";"None";"";"";"";"1042.0"
"CHEMBL3718520";"";"None";"471.48";"0";"4.41";"40";"C[C@@H]1CN(Cc2c[nH]nc2-c2ccc3c(c2)CNC(=O)O3)CCN1c1ccc(C(F)(F)F)cc1";"IC50";"'<'";"100.0";"nM";"";"";"";"UO_0000065";"";"";"";"";"0";"CHEMBL3721067";"Inhibition of mouse ITPKb (640 to 942 residues) expressed in Escherichia coli HK100 assessed as reduction in IP3 phosphorylation incubated for 60 mins by kinase-Glo ATP depletion assay";"B";"BAO_0000019";"assay format";"Mus musculus";"None";"None";"None";"None";"";"";"";"CHEMBL3714704";"Kinase";"Mus musculus";"SINGLE PROTEIN";"CHEMBL3714748";"38";"SureChEMBL Patent Bioactivity Data";"";"2012";"None";"";"";"";"100.0"
"CHEMBL3716086";"";"None";"458.44";"0";"3.64";"45";"C[C@H]1CN(Cc2c[nH]nc2-c2ccc3[nH]c(=O)oc3c2)CCN1c1ccc(C(F)(F)F)cn1";"IC50";"'<'";"100.0";"nM";"";"";"";"UO_0000065";"";"";"";"";"0";"CHEMBL3721067";"Inhibition of mouse ITPKb (640 to 942 residues) expressed in Escherichia coli HK100 assessed as reduction in IP3 phosphorylation incubated for 60 mins by kinase-Glo ATP depletion assay";"B";"BAO_0000019";"assay format";"Mus musculus";"None";"None";"None";"None";"";"";"";"CHEMBL3714704";"Kinase";"Mus musculus";"SINGLE PROTEIN";"CHEMBL3714748";"38";"SureChEMBL Patent Bioactivity Data";"";"2012";"None";"";"";"";"100.0"
"CHEMBL3717382";"";"None";"459.44";"0";"2.38";"33";"C[C@@H]1CN(Cc2c[nH]nc2C(=O)Nc2n[nH]cc2C#N)CCN1c1ccc(C(F)(F)F)cn1";"IC50";"'>'";"10000.0";"nM";"";"";"";"UO_0000065";"";"";"";"";"0";"CHEMBL3721022";"Inhibition of mouse ITPKb (640 to 942 residues) expressed in Escherichia coli HK100 assessed as reduction in phosphorylation of IP3 to IP4 incubated for 60 mins by kinase-Glo ATP depletion assay";"B";"BAO_0000019";"assay format";"Mus musculus";"None";"None";"None";"None";"";"";"";"CHEMBL3714704";"Kinase";"Mus musculus";"SINGLE PROTEIN";"CHEMBL3714741";"38";"SureChEMBL Patent Bioactivity Data";"";"2011";"None";"";"";"";"10000.0"
"CHEMBL3715076";"";"None";"447.47";"0";"2.89";"Example 3";"CNC(=O)c1c[nH]c(-c2n[nH]cc2CN2CCN(c3ccc(C(F)(F)F)cn3)[C@H](C)C2)c1";"IC50";"'='";"11.0";"nM";"7.96";"";"";"UO_0000065";"17.79";"0.34";"5.07";"8.56";"0";"CHEMBL3721022";"Inhibition of mouse ITPKb (640 to 942 residues) expressed in Escherichia coli HK100 assessed as reduction in phosphorylation of IP3 to IP4 incubated for 60 mins by kinase-Glo ATP depletion assay";"B";"BAO_0000019";"assay format";"Mus musculus";"None";"None";"None";"None";"";"";"";"CHEMBL3714704";"Kinase";"Mus musculus";"SINGLE PROTEIN";"CHEMBL3714741";"38";"SureChEMBL Patent Bioactivity Data";"";"2011";"None";"";"";"";"11.0"
"CHEMBL3718584";"";"None";"441.46";"0";"4.08";"40";"C[C@@H]1CN(Cc2c[nH]nc2-c2ccnc3[nH]ccc23)CCN1c1ccc(C(F)(F)F)cn1";"IC50";"'='";"478.0";"nM";"6.32";"";"";"UO_0000065";"14.32";"0.27";"2.24";"8.24";"0";"CHEMBL3721022";"Inhibition of mouse ITPKb (640 to 942 residues) expressed in Escherichia coli HK100 assessed as reduction in phosphorylation of IP3 to IP4 incubated for 60 mins by kinase-Glo ATP depletion assay";"B";"BAO_0000019";"assay format";"Mus musculus";"None";"None";"None";"None";"";"";"";"CHEMBL3714704";"Kinase";"Mus musculus";"SINGLE PROTEIN";"CHEMBL3714741";"38";"SureChEMBL Patent Bioactivity Data";"";"2011";"None";"";"";"";"478.0"
"CHEMBL3717015";"";"None";"442.45";"0";"3.47";"16";"C[C@@H]1CN(Cc2c[nH]nc2-c2nc3cnccc3[nH]2)CCN1c1ccc(C(F)(F)F)cn1";"IC50";"'='";"975.0";"nM";"6.01";"";"";"UO_0000065";"13.59";"0.26";"2.54";"6.71";"0";"CHEMBL3721022";"Inhibition of mouse ITPKb (640 to 942 residues) expressed in Escherichia coli HK100 assessed as reduction in phosphorylation of IP3 to IP4 incubated for 60 mins by kinase-Glo ATP depletion assay";"B";"BAO_0000019";"assay format";"Mus musculus";"None";"None";"None";"None";"";"";"";"CHEMBL3714704";"Kinase";"Mus musculus";"SINGLE PROTEIN";"CHEMBL3714741";"38";"SureChEMBL Patent Bioactivity Data";"";"2011";"None";"";"";"";"975.0"
"CHEMBL3718351";"";"None";"459.40";"0";"3.94";"11";"C[C@@H]1CN(Cc2c[nH]nc2-c2nc(C(F)(F)F)c[nH]2)CCN1c1ccc(C(F)(F)F)cn1";"IC50";"'='";"1480.0";"nM";"5.83";"";"";"UO_0000065";"12.69";"0.25";"1.89";"7.60";"0";"CHEMBL3721022";"Inhibition of mouse ITPKb (640 to 942 residues) expressed in Escherichia coli HK100 assessed as reduction in phosphorylation of IP3 to IP4 incubated for 60 mins by kinase-Glo ATP depletion assay";"B";"BAO_0000019";"assay format";"Mus musculus";"None";"None";"None";"None";"";"";"";"CHEMBL3714704";"Kinase";"Mus musculus";"SINGLE PROTEIN";"CHEMBL3714741";"38";"SureChEMBL Patent Bioactivity Data";"";"2011";"None";"";"";"";"1480.0"
"CHEMBL3717640";"";"None";"431.50";"0";"2.81";"15";"Cc1cccc(N2CCN(Cc3c[nH]nc3-c3ccc4oc(=O)[nH]c(=O)c4c3)CC2)c1C";"IC50";"'<'";"100.0";"nM";"";"";"";"UO_0000065";"";"";"";"";"0";"CHEMBL3721067";"Inhibition of mouse ITPKb (640 to 942 residues) expressed in Escherichia coli HK100 assessed as reduction in IP3 phosphorylation incubated for 60 mins by kinase-Glo ATP depletion assay";"B";"BAO_0000019";"assay format";"Mus musculus";"None";"None";"None";"None";"";"";"";"CHEMBL3714704";"Kinase";"Mus musculus";"SINGLE PROTEIN";"CHEMBL3714748";"38";"SureChEMBL Patent Bioactivity Data";"";"2012";"None";"";"";"";"100.0"
"CHEMBL3714851";"";"None";"458.44";"0";"3.14";"16";"O=C1CNc2cc(-c3n[nH]cc3CN3CCN(c4ccc(C(F)(F)F)cn4)CC3)ccc2O1";"IC50";"'<'";"100.0";"nM";"";"";"";"UO_0000065";"";"";"";"";"0";"CHEMBL3721067";"Inhibition of mouse ITPKb (640 to 942 residues) expressed in Escherichia coli HK100 assessed as reduction in IP3 phosphorylation incubated for 60 mins by kinase-Glo ATP depletion assay";"B";"BAO_0000019";"assay format";"Mus musculus";"None";"None";"None";"None";"";"";"";"CHEMBL3714704";"Kinase";"Mus musculus";"SINGLE PROTEIN";"CHEMBL3714748";"38";"SureChEMBL Patent Bioactivity Data";"";"2012";"None";"";"";"";"100.0"
"CHEMBL3718093";"";"None";"438.92";"0";"3.44";"36";"C[C@@H]1CN(Cc2c[nH]nc2-c2ccc3c(c2)CNC(=O)O3)CCN1c1ccc(Cl)cn1";"IC50";"'<'";"100.0";"nM";"";"";"";"UO_0000065";"";"";"";"";"0";"CHEMBL3721067";"Inhibition of mouse ITPKb (640 to 942 residues) expressed in Escherichia coli HK100 assessed as reduction in IP3 phosphorylation incubated for 60 mins by kinase-Glo ATP depletion assay";"B";"BAO_0000019";"assay format";"Mus musculus";"None";"None";"None";"None";"";"";"";"CHEMBL3714704";"Kinase";"Mus musculus";"SINGLE PROTEIN";"CHEMBL3714748";"38";"SureChEMBL Patent Bioactivity Data";"";"2012";"None";"";"";"";"100.0"
"CHEMBL3717325";"";"None";"441.46";"0";"4.08";"23";"C[C@@H]1CN(Cc2c[nH]nc2-c2nc3ccccc3[nH]2)CCN1c1ccc(C(F)(F)F)cn1";"IC50";"'='";"374.0";"nM";"6.43";"";"";"UO_0000065";"14.56";"0.27";"2.35";"8.38";"0";"CHEMBL3721022";"Inhibition of mouse ITPKb (640 to 942 residues) expressed in Escherichia coli HK100 assessed as reduction in phosphorylation of IP3 to IP4 incubated for 60 mins by kinase-Glo ATP depletion assay";"B";"BAO_0000019";"assay format";"Mus musculus";"None";"None";"None";"None";"";"";"";"CHEMBL3714704";"Kinase";"Mus musculus";"SINGLE PROTEIN";"CHEMBL3714741";"38";"SureChEMBL Patent Bioactivity Data";"";"2011";"None";"";"";"";"374.0"
"CHEMBL3715791";"";"None";"424.43";"0";"1.35";"34";"C[C@@H]1CN(Cc2c[nH]nc2C(=O)N2CC(O)C2)CCN1c1ccc(C(F)(F)F)cn1";"IC50";"'>'";"10000.0";"nM";"";"";"";"UO_0000065";"";"";"";"";"0";"CHEMBL3721022";"Inhibition of mouse ITPKb (640 to 942 residues) expressed in Escherichia coli HK100 assessed as reduction in phosphorylation of IP3 to IP4 incubated for 60 mins by kinase-Glo ATP depletion assay";"B";"BAO_0000019";"assay format";"Mus musculus";"None";"None";"None";"None";"";"";"";"CHEMBL3714704";"Kinase";"Mus musculus";"SINGLE PROTEIN";"CHEMBL3714741";"38";"SureChEMBL Patent Bioactivity Data";"";"2011";"None";"";"";"";"10000.0"
"CHEMBL3716429";"";"None";"449.43";"0";"3.58";"37";"COC(=O)c1ccc(-c2n[nH]cc2CN2CCN(c3ccc(C(F)(F)F)cn3)[C@H](C)C2)o1";"IC50";"'='";"984.0";"nM";"6.01";"";"";"UO_0000065";"13.37";"0.26";"2.43";"6.87";"0";"CHEMBL3721022";"Inhibition of mouse ITPKb (640 to 942 residues) expressed in Escherichia coli HK100 assessed as reduction in phosphorylation of IP3 to IP4 incubated for 60 mins by kinase-Glo ATP depletion assay";"B";"BAO_0000019";"assay format";"Mus musculus";"None";"None";"None";"None";"";"";"";"CHEMBL3714704";"Kinase";"Mus musculus";"SINGLE PROTEIN";"CHEMBL3714741";"38";"SureChEMBL Patent Bioactivity Data";"";"2011";"None";"";"";"";"984.0"
"CHEMBL3717955";"";"None";"491.52";"0";"2.64";"45";"C[C@@H]1CN(Cc2c[nH]nc2-c2cc(C(=O)N[C@@H](C)CO)c[nH]2)CCN1c1ccc(C(F)(F)F)cn1";"IC50";"'='";"6.0";"nM";"8.22";"";"";"UO_0000065";"16.73";"0.32";"5.58";"7.27";"0";"CHEMBL3721022";"Inhibition of mouse ITPKb (640 to 942 residues) expressed in Escherichia coli HK100 assessed as reduction in phosphorylation of IP3 to IP4 incubated for 60 mins by kinase-Glo ATP depletion assay";"B";"BAO_0000019";"assay format";"Mus musculus";"None";"None";"None";"None";"";"";"";"CHEMBL3714704";"Kinase";"Mus musculus";"SINGLE PROTEIN";"CHEMBL3714741";"38";"SureChEMBL Patent Bioactivity Data";"";"2011";"None";"";"";"";"6.0"
"CHEMBL3719277";"";"None";"433.44";"0";"2.63";"Example 5";"C[C@@H]1CN(Cc2c[nH]nc2-c2ccc(C(N)=O)[nH]2)CCN1c1ccc(C(F)(F)F)cn1";"IC50";"'='";"28.0";"nM";"7.55";"";"";"UO_0000065";"17.43";"0.33";"4.92";"7.06";"0";"CHEMBL3721022";"Inhibition of mouse ITPKb (640 to 942 residues) expressed in Escherichia coli HK100 assessed as reduction in phosphorylation of IP3 to IP4 incubated for 60 mins by kinase-Glo ATP depletion assay";"B";"BAO_0000019";"assay format";"Mus musculus";"None";"None";"None";"None";"";"";"";"CHEMBL3714704";"Kinase";"Mus musculus";"SINGLE PROTEIN";"CHEMBL3714741";"38";"SureChEMBL Patent Bioactivity Data";"";"2011";"None";"";"";"";"28.0"
"CHEMBL3716075";"";"None";"435.41";"0";"1.71";"17";"C[C@@H]1CN(Cc2c[nH]nc2/C=C2\NC(=O)NC2=O)CCN1c1ccc(C(F)(F)F)cn1";"IC50";"'='";"531.0";"nM";"6.28";"";"";"UO_0000065";"14.41";"0.28";"4.56";"5.91";"0";"CHEMBL3721022";"Inhibition of mouse ITPKb (640 to 942 residues) expressed in Escherichia coli HK100 assessed as reduction in phosphorylation of IP3 to IP4 incubated for 60 mins by kinase-Glo ATP depletion assay";"B";"BAO_0000019";"assay format";"Mus musculus";"None";"None";"None";"None";"";"";"";"CHEMBL3714704";"Kinase";"Mus musculus";"SINGLE PROTEIN";"CHEMBL3714741";"38";"SureChEMBL Patent Bioactivity Data";"";"2011";"None";"";"";"";"531.0"
"CHEMBL3715576";"";"None";"472.47";"0";"3.80";"5";"C[C@@H]1CN(Cc2c[nH]nc2-c2ccc3c(c2)CNC(=O)O3)CCN1c1ccc(C(F)(F)F)cn1";"IC50";"'<'";"100.0";"nM";"";"";"";"UO_0000065";"";"";"";"";"0";"CHEMBL3721067";"Inhibition of mouse ITPKb (640 to 942 residues) expressed in Escherichia coli HK100 assessed as reduction in IP3 phosphorylation incubated for 60 mins by kinase-Glo ATP depletion assay";"B";"BAO_0000019";"assay format";"Mus musculus";"None";"None";"None";"None";"";"";"";"CHEMBL3714704";"Kinase";"Mus musculus";"SINGLE PROTEIN";"CHEMBL3714748";"38";"SureChEMBL Patent Bioactivity Data";"";"2012";"None";"";"";"";"100.0"
"CHEMBL3715397";"";"None";"441.46";"0";"4.08";"44";"C[C@@H]1CN(Cc2c[nH]nc2-c2c[nH]c3ncccc23)CCN1c1ccc(C(F)(F)F)cn1";"IC50";"'='";"182.0";"nM";"6.74";"";"";"UO_0000065";"15.27";"0.29";"2.66";"8.78";"0";"CHEMBL3721022";"Inhibition of mouse ITPKb (640 to 942 residues) expressed in Escherichia coli HK100 assessed as reduction in phosphorylation of IP3 to IP4 incubated for 60 mins by kinase-Glo ATP depletion assay";"B";"BAO_0000019";"assay format";"Mus musculus";"None";"None";"None";"None";"";"";"";"CHEMBL3714704";"Kinase";"Mus musculus";"SINGLE PROTEIN";"CHEMBL3714741";"38";"SureChEMBL Patent Bioactivity Data";"";"2011";"None";"";"";"";"182.0"
"CHEMBL3718435";"";"None";"470.50";"0";"3.38";"23";"O=C1Cc2ccc(-c3n[nH]cc3CN3CCCN(c4ccc(C(F)(F)F)cn4)CC3)cc2CN1";"IC50";"'<'";"100.0";"nM";"";"";"";"UO_0000065";"";"";"";"";"0";"CHEMBL3721067";"Inhibition of mouse ITPKb (640 to 942 residues) expressed in Escherichia coli HK100 assessed as reduction in IP3 phosphorylation incubated for 60 mins by kinase-Glo ATP depletion assay";"B";"BAO_0000019";"assay format";"Mus musculus";"None";"None";"None";"None";"";"";"";"CHEMBL3714704";"Kinase";"Mus musculus";"SINGLE PROTEIN";"CHEMBL3714748";"38";"SureChEMBL Patent Bioactivity Data";"";"2012";"None";"";"";"";"100.0"
"CHEMBL3719072";"";"None";"471.49";"0";"3.84";"25";"C[C@@H]1CN(Cc2c[nH]nc2-c2ccc3c(c2)CNC(=O)N3)CCN1c1ccc(C(F)(F)F)cn1";"IC50";"'<'";"100.0";"nM";"";"";"";"UO_0000065";"";"";"";"";"0";"CHEMBL3721067";"Inhibition of mouse ITPKb (640 to 942 residues) expressed in Escherichia coli HK100 assessed as reduction in IP3 phosphorylation incubated for 60 mins by kinase-Glo ATP depletion assay";"B";"BAO_0000019";"assay format";"Mus musculus";"None";"None";"None";"None";"";"";"";"CHEMBL3714704";"Kinase";"Mus musculus";"SINGLE PROTEIN";"CHEMBL3714748";"38";"SureChEMBL Patent Bioactivity Data";"";"2012";"None";"";"";"";"100.0"
"CHEMBL3718133";"";"None";"461.49";"0";"3.23";"41";"C[C@@H]1CN(Cc2c[nH]nc2-c2cc(C(=O)N(C)C)c[nH]2)CCN1c1ccc(C(F)(F)F)cn1";"IC50";"'='";"85.0";"nM";"7.07";"";"";"UO_0000065";"15.32";"0.29";"3.84";"8.40";"0";"CHEMBL3721022";"Inhibition of mouse ITPKb (640 to 942 residues) expressed in Escherichia coli HK100 assessed as reduction in phosphorylation of IP3 to IP4 incubated for 60 mins by kinase-Glo ATP depletion assay";"B";"BAO_0000019";"assay format";"Mus musculus";"None";"None";"None";"None";"";"";"";"CHEMBL3714704";"Kinase";"Mus musculus";"SINGLE PROTEIN";"CHEMBL3714741";"38";"SureChEMBL Patent Bioactivity Data";"";"2011";"None";"";"";"";"85.0"
"CHEMBL3719205";"";"None";"491.52";"0";"2.64";"43";"CC(O)CNC(=O)c1c[nH]c(-c2n[nH]cc2CN2CCN(c3ccc(C(F)(F)F)cn3)[C@H](C)C2)c1";"IC50";"'='";"14.0";"nM";"7.85";"";"";"UO_0000065";"15.98";"0.31";"5.21";"6.94";"0";"CHEMBL3721022";"Inhibition of mouse ITPKb (640 to 942 residues) expressed in Escherichia coli HK100 assessed as reduction in phosphorylation of IP3 to IP4 incubated for 60 mins by kinase-Glo ATP depletion assay";"B";"BAO_0000019";"assay format";"Mus musculus";"None";"None";"None";"None";"";"";"";"CHEMBL3714704";"Kinase";"Mus musculus";"SINGLE PROTEIN";"CHEMBL3714741";"38";"SureChEMBL Patent Bioactivity Data";"";"2011";"None";"";"";"";"14.0"
"CHEMBL3717960";"";"None";"434.42";"0";"2.89";"53";"C[C@@H]1CN(Cc2c[nH]nc2-c2cc(C(N)=O)co2)CCN1c1ccc(C(F)(F)F)cn1";"IC50";"'='";"78.0";"nM";"7.11";"";"";"UO_0000065";"16.36";"0.31";"4.22";"6.82";"0";"CHEMBL3721022";"Inhibition of mouse ITPKb (640 to 942 residues) expressed in Escherichia coli HK100 assessed as reduction in phosphorylation of IP3 to IP4 incubated for 60 mins by kinase-Glo ATP depletion assay";"B";"BAO_0000019";"assay format";"Mus musculus";"None";"None";"None";"None";"";"";"";"CHEMBL3714704";"Kinase";"Mus musculus";"SINGLE PROTEIN";"CHEMBL3714741";"38";"SureChEMBL Patent Bioactivity Data";"";"2011";"None";"";"";"";"78.0"
"CHEMBL3717720";"";"None";"434.43";"0";"1.53";"50";"C[C@@H]1CN(Cc2c[nH]nc2/C=C2\NC(=N)NC2=O)CCN1c1ccc(C(F)(F)F)cn1";"IC50";"'='";"99.0";"nM";"7.00";"";"";"UO_0000065";"16.12";"0.31";"5.47";"6.20";"0";"CHEMBL3721022";"Inhibition of mouse ITPKb (640 to 942 residues) expressed in Escherichia coli HK100 assessed as reduction in phosphorylation of IP3 to IP4 incubated for 60 mins by kinase-Glo ATP depletion assay";"B";"BAO_0000019";"assay format";"Mus musculus";"None";"None";"None";"None";"";"";"";"CHEMBL3714704";"Kinase";"Mus musculus";"SINGLE PROTEIN";"CHEMBL3714741";"38";"SureChEMBL Patent Bioactivity Data";"";"2011";"None";"";"";"";"99.0"
"CHEMBL3717521";"";"None";"452.48";"0";"4.75";"20";"C[C@@H]1CN(Cc2c[nH]nc2-c2ccc3cnccc3c2)CCN1c1ccc(C(F)(F)F)cn1";"IC50";"'='";"11.0";"nM";"7.96";"";"";"UO_0000065";"17.59";"0.33";"3.21";"13.06";"0";"CHEMBL3721022";"Inhibition of mouse ITPKb (640 to 942 residues) expressed in Escherichia coli HK100 assessed as reduction in phosphorylation of IP3 to IP4 incubated for 60 mins by kinase-Glo ATP depletion assay";"B";"BAO_0000019";"assay format";"Mus musculus";"None";"None";"None";"None";"";"";"";"CHEMBL3714704";"Kinase";"Mus musculus";"SINGLE PROTEIN";"CHEMBL3714741";"38";"SureChEMBL Patent Bioactivity Data";"";"2011";"None";"";"";"";"11.0"
"CHEMBL3718396";"";"None";"443.43";"0";"2.76";"21";"C[C@@H]1CN(Cc2c[nH]nc2-c2ccc(C#N)c(=O)[nH]2)CCN1c1ccc(C(F)(F)F)cn1";"IC50";"'='";"49.0";"nM";"7.31";"";"";"UO_0000065";"16.48";"0.31";"4.55";"6.98";"0";"CHEMBL3721022";"Inhibition of mouse ITPKb (640 to 942 residues) expressed in Escherichia coli HK100 assessed as reduction in phosphorylation of IP3 to IP4 incubated for 60 mins by kinase-Glo ATP depletion assay";"B";"BAO_0000019";"assay format";"Mus musculus";"None";"None";"None";"None";"";"";"";"CHEMBL3714704";"Kinase";"Mus musculus";"SINGLE PROTEIN";"CHEMBL3714741";"38";"SureChEMBL Patent Bioactivity Data";"";"2011";"None";"";"";"";"49.0"
"CHEMBL3718732";"";"None";"436.48";"0";"2.87";"49";"C[C@@H]1CN(Cc2c[nH]nc2C2CCN(C=O)CC2)CCN1c1ccc(C(F)(F)F)cn1";"IC50";"'='";"241.0";"nM";"6.62";"";"";"UO_0000065";"15.16";"0.29";"3.75";"9.68";"0";"CHEMBL3721022";"Inhibition of mouse ITPKb (640 to 942 residues) expressed in Escherichia coli HK100 assessed as reduction in phosphorylation of IP3 to IP4 incubated for 60 mins by kinase-Glo ATP depletion assay";"B";"BAO_0000019";"assay format";"Mus musculus";"None";"None";"None";"None";"";"";"";"CHEMBL3714704";"Kinase";"Mus musculus";"SINGLE PROTEIN";"CHEMBL3714741";"38";"SureChEMBL Patent Bioactivity Data";"";"2011";"None";"";"";"";"241.0"
"CHEMBL3714779";"";"None";"434.42";"0";"2.89";"39";"C[C@@H]1CN(Cc2c[nH]nc2-c2ccc(C(N)=O)o2)CCN1c1ccc(C(F)(F)F)cn1";"IC50";"'='";"8.0";"nM";"8.10";"";"";"UO_0000065";"18.64";"0.36";"5.21";"7.76";"0";"CHEMBL3721022";"Inhibition of mouse ITPKb (640 to 942 residues) expressed in Escherichia coli HK100 assessed as reduction in phosphorylation of IP3 to IP4 incubated for 60 mins by kinase-Glo ATP depletion assay";"B";"BAO_0000019";"assay format";"Mus musculus";"None";"None";"None";"None";"";"";"";"CHEMBL3714704";"Kinase";"Mus musculus";"SINGLE PROTEIN";"CHEMBL3714741";"38";"SureChEMBL Patent Bioactivity Data";"";"2011";"None";"";"";"";"8.0"
"CHEMBL3718762";"";"None";"486.45";"0";"3.00";"4";"C[C@H]1CN(Cc2c[nH]nc2-c2ccc3oc(=O)[nH]c(=O)c3c2)CCN1c1ccc(C(F)(F)F)cn1";"IC50";"'<'";"100.0";"nM";"";"";"";"UO_0000065";"";"";"";"";"0";"CHEMBL3721067";"Inhibition of mouse ITPKb (640 to 942 residues) expressed in Escherichia coli HK100 assessed as reduction in IP3 phosphorylation incubated for 60 mins by kinase-Glo ATP depletion assay";"B";"BAO_0000019";"assay format";"Mus musculus";"None";"None";"None";"None";"";"";"";"CHEMBL3714704";"Kinase";"Mus musculus";"SINGLE PROTEIN";"CHEMBL3714748";"38";"SureChEMBL Patent Bioactivity Data";"";"2012";"None";"";"";"";"100.0"
"CHEMBL3717344";"";"None";"470.50";"0";"3.37";"22";"C[C@@H]1CN(Cc2c[nH]nc2-c2ccc3c(c2)CNC(=O)C3)CCN1c1ccc(C(F)(F)F)cn1";"IC50";"'<'";"100.0";"nM";"";"";"";"UO_0000065";"";"";"";"";"0";"CHEMBL3721067";"Inhibition of mouse ITPKb (640 to 942 residues) expressed in Escherichia coli HK100 assessed as reduction in IP3 phosphorylation incubated for 60 mins by kinase-Glo ATP depletion assay";"B";"BAO_0000019";"assay format";"Mus musculus";"None";"None";"None";"None";"";"";"";"CHEMBL3714704";"Kinase";"Mus musculus";"SINGLE PROTEIN";"CHEMBL3714748";"38";"SureChEMBL Patent Bioactivity Data";"";"2012";"None";"";"";"";"100.0"
"CHEMBL3717601";"";"None";"448.49";"0";"3.17";"47";"CC(=O)N1CC=C(c2n[nH]cc2CN2CCN(c3ccc(C(F)(F)F)cn3)[C@H](C)C2)CC1";"IC50";"'='";"66.0";"nM";"7.18";"";"";"UO_0000065";"16.01";"0.31";"4.01";"10.50";"0";"CHEMBL3721022";"Inhibition of mouse ITPKb (640 to 942 residues) expressed in Escherichia coli HK100 assessed as reduction in phosphorylation of IP3 to IP4 incubated for 60 mins by kinase-Glo ATP depletion assay";"B";"BAO_0000019";"assay format";"Mus musculus";"None";"None";"None";"None";"";"";"";"CHEMBL3714704";"Kinase";"Mus musculus";"SINGLE PROTEIN";"CHEMBL3714741";"38";"SureChEMBL Patent Bioactivity Data";"";"2011";"None";"";"";"";"66.0"
"CHEMBL3718882";"";"None";"415.42";"0";"3.40";"Example 6";"C[C@@H]1CN(Cc2c[nH]nc2-c2c[nH]c(C#N)c2)CCN1c1ccc(C(F)(F)F)cn1";"IC50";"'='";"6.0";"nM";"8.22";"";"";"UO_0000065";"19.79";"0.37";"4.82";"9.38";"0";"CHEMBL3721022";"Inhibition of mouse ITPKb (640 to 942 residues) expressed in Escherichia coli HK100 assessed as reduction in phosphorylation of IP3 to IP4 incubated for 60 mins by kinase-Glo ATP depletion assay";"B";"BAO_0000019";"assay format";"Mus musculus";"None";"None";"None";"None";"";"";"";"CHEMBL3714704";"Kinase";"Mus musculus";"SINGLE PROTEIN";"CHEMBL3714741";"38";"SureChEMBL Patent Bioactivity Data";"";"2011";"None";"";"";"";"6.0"
"CHEMBL3717652";"";"None";"406.46";"0";"2.91";"9";"C[C@@H]1CN(Cc2c[nH]nc2C2=CCNCC2)CCN1c1ccc(C(F)(F)F)cn1";"IC50";"'='";"278.0";"nM";"6.56";"";"";"UO_0000065";"16.13";"0.31";"3.65";"10.91";"0";"CHEMBL3721022";"Inhibition of mouse ITPKb (640 to 942 residues) expressed in Escherichia coli HK100 assessed as reduction in phosphorylation of IP3 to IP4 incubated for 60 mins by kinase-Glo ATP depletion assay";"B";"BAO_0000019";"assay format";"Mus musculus";"None";"None";"None";"None";"";"";"";"CHEMBL3714704";"Kinase";"Mus musculus";"SINGLE PROTEIN";"CHEMBL3714741";"38";"SureChEMBL Patent Bioactivity Data";"";"2011";"None";"";"";"";"278.0"
"CHEMBL3715243";"";"None";"498.47";"0";"3.14";"13";"O=c1[nH]c(=O)c2cc(-c3n[nH]cc3CN3C4CCC3CN(c3ccc(C(F)(F)F)cn3)C4)ccc2o1";"IC50";"'<'";"100.0";"nM";"";"";"";"UO_0000065";"";"";"";"";"0";"CHEMBL3721067";"Inhibition of mouse ITPKb (640 to 942 residues) expressed in Escherichia coli HK100 assessed as reduction in IP3 phosphorylation incubated for 60 mins by kinase-Glo ATP depletion assay";"B";"BAO_0000019";"assay format";"Mus musculus";"None";"None";"None";"None";"";"";"";"CHEMBL3714704";"Kinase";"Mus musculus";"SINGLE PROTEIN";"CHEMBL3714748";"38";"SureChEMBL Patent Bioactivity Data";"";"2012";"None";"";"";"";"100.0"
"CHEMBL3715999";"";"None";"488.47";"0";"2.78";"38";"O=C1NCc2cc(-c3n[nH]cc3CN3CCN(c4ccc(C(F)(F)F)cn4)C[C@H]3CO)ccc2O1";"IC50";"'<'";"100.0";"nM";"";"";"";"UO_0000065";"";"";"";"";"0";"CHEMBL3721067";"Inhibition of mouse ITPKb (640 to 942 residues) expressed in Escherichia coli HK100 assessed as reduction in IP3 phosphorylation incubated for 60 mins by kinase-Glo ATP depletion assay";"B";"BAO_0000019";"assay format";"Mus musculus";"None";"None";"None";"None";"";"";"";"CHEMBL3714704";"Kinase";"Mus musculus";"SINGLE PROTEIN";"CHEMBL3714748";"38";"SureChEMBL Patent Bioactivity Data";"";"2012";"None";"";"";"";"100.0"
"CHEMBL3718171";"";"None";"487.41";"0";"3.17";"51";"NC(=O)c1c[nH]c(-c2n[nH]cc2CN2CCN(c3ccc(C(F)(F)F)cn3)[C@H](C(F)(F)F)C2)c1";"IC50";"'='";"2.0";"nM";"8.70";"";"";"UO_0000065";"17.85";"0.35";"5.53";"8.14";"0";"CHEMBL3721022";"Inhibition of mouse ITPKb (640 to 942 residues) expressed in Escherichia coli HK100 assessed as reduction in phosphorylation of IP3 to IP4 incubated for 60 mins by kinase-Glo ATP depletion assay";"B";"BAO_0000019";"assay format";"Mus musculus";"None";"None";"None";"None";"";"";"";"CHEMBL3714704";"Kinase";"Mus musculus";"SINGLE PROTEIN";"CHEMBL3714741";"38";"SureChEMBL Patent Bioactivity Data";"";"2011";"None";"";"";"";"2.0"
"CHEMBL3717225";"";"None";"526.44";"1";"4.35";"19";"O=C1NCc2cc(-c3n[nH]cc3CN3CCN(c4ccc(C(F)(F)F)cn4)[C@@H](C(F)(F)F)C3)ccc2O1";"IC50";"'<'";"100.0";"nM";"";"";"";"UO_0000065";"";"";"";"";"0";"CHEMBL3721067";"Inhibition of mouse ITPKb (640 to 942 residues) expressed in Escherichia coli HK100 assessed as reduction in IP3 phosphorylation incubated for 60 mins by kinase-Glo ATP depletion assay";"B";"BAO_0000019";"assay format";"Mus musculus";"None";"None";"None";"None";"";"";"";"CHEMBL3714704";"Kinase";"Mus musculus";"SINGLE PROTEIN";"CHEMBL3714748";"38";"SureChEMBL Patent Bioactivity Data";"";"2012";"None";"";"";"";"100.0"
"CHEMBL3719189";"";"None";"409.53";"0";"3.52";"31";"C[C@@H]1CN(Cc2c[nH]nc2-c2ccc3c(c2)CNC(=O)O3)CCN1C1CCCCC1";"IC50";"'<'";"100.0";"nM";"";"";"";"UO_0000065";"";"";"";"";"0";"CHEMBL3721067";"Inhibition of mouse ITPKb (640 to 942 residues) expressed in Escherichia coli HK100 assessed as reduction in IP3 phosphorylation incubated for 60 mins by kinase-Glo ATP depletion assay";"B";"BAO_0000019";"assay format";"Mus musculus";"None";"None";"None";"None";"";"";"";"CHEMBL3714704";"Kinase";"Mus musculus";"SINGLE PROTEIN";"CHEMBL3714748";"38";"SureChEMBL Patent Bioactivity Data";"";"2012";"None";"";"";"";"100.0"
"CHEMBL3716814";"";"None";"473.46";"0";"3.20";"32";"C[C@@H]1CN(Cc2n[nH]nc2-c2ccc3c(c2)CNC(=O)O3)CCN1c1ccc(C(F)(F)F)cn1";"IC50";"'<'";"100.0";"nM";"";"";"";"UO_0000065";"";"";"";"";"0";"CHEMBL3721067";"Inhibition of mouse ITPKb (640 to 942 residues) expressed in Escherichia coli HK100 assessed as reduction in IP3 phosphorylation incubated for 60 mins by kinase-Glo ATP depletion assay";"B";"BAO_0000019";"assay format";"Mus musculus";"None";"None";"None";"None";"";"";"";"CHEMBL3714704";"Kinase";"Mus musculus";"SINGLE PROTEIN";"CHEMBL3714748";"38";"SureChEMBL Patent Bioactivity Data";"";"2012";"None";"";"";"";"100.0"
"CHEMBL3716408";"";"None";"519.58";"1";"2.85";"32";"Cc1cc(NC(=O)c2n[nH]cc2CN2CCN(c3ccc(C(F)(F)F)cn3)[C@H](C)C2)n(CCN(C)C)n1";"IC50";"'='";"6194.0";"nM";"5.21";"";"";"UO_0000065";"10.02";"0.19";"2.36";"5.30";"0";"CHEMBL3721022";"Inhibition of mouse ITPKb (640 to 942 residues) expressed in Escherichia coli HK100 assessed as reduction in phosphorylation of IP3 to IP4 incubated for 60 mins by kinase-Glo ATP depletion assay";"B";"BAO_0000019";"assay format";"Mus musculus";"None";"None";"None";"None";"";"";"";"CHEMBL3714704";"Kinase";"Mus musculus";"SINGLE PROTEIN";"CHEMBL3714741";"38";"SureChEMBL Patent Bioactivity Data";"";"2011";"None";"";"";"";"6194.0"
"CHEMBL3716756";"";"None";"433.44";"0";"2.63";"Example 2";"C[C@@H]1CN(Cc2c[nH]nc2-c2cc(C(N)=O)c[nH]2)CCN1c1ccc(C(F)(F)F)cn1";"IC50";"'='";"3.0";"nM";"8.52";"";"";"UO_0000065";"19.66";"0.38";"5.89";"7.97";"0";"CHEMBL3721022";"Inhibition of mouse ITPKb (640 to 942 residues) expressed in Escherichia coli HK100 assessed as reduction in phosphorylation of IP3 to IP4 incubated for 60 mins by kinase-Glo ATP depletion assay";"B";"BAO_0000019";"assay format";"Mus musculus";"None";"None";"None";"None";"";"";"";"CHEMBL3714704";"Kinase";"Mus musculus";"SINGLE PROTEIN";"CHEMBL3714741";"38";"SureChEMBL Patent Bioactivity Data";"";"2011";"None";"";"";"";"3.0"
"CHEMBL3716689";"";"None";"415.42";"0";"3.40";"Example 1";"C[C@@H]1CN(Cc2c[nH]nc2-c2cc(C#N)c[nH]2)CCN1c1ccc(C(F)(F)F)cn1";"IC50";"'='";"9.0";"nM";"8.05";"";"";"UO_0000065";"19.37";"0.37";"4.65";"9.18";"0";"CHEMBL3721022";"Inhibition of mouse ITPKb (640 to 942 residues) expressed in Escherichia coli HK100 assessed as reduction in phosphorylation of IP3 to IP4 incubated for 60 mins by kinase-Glo ATP depletion assay";"B";"BAO_0000019";"assay format";"Mus musculus";"None";"None";"None";"None";"";"";"";"CHEMBL3714704";"Kinase";"Mus musculus";"SINGLE PROTEIN";"CHEMBL3714741";"38";"SureChEMBL Patent Bioactivity Data";"";"2011";"None";"";"";"";"9.0"
"CHEMBL3717851";"";"None";"478.52";"0";"2.53";"54";"C[C@@H]1CN(Cc2c[nH]nc2C2=CCN(C(=O)CCO)CC2)CCN1c1ccc(C(F)(F)F)cn1";"IC50";"'='";"80.0";"nM";"7.10";"";"";"UO_0000065";"14.83";"0.29";"4.57";"8.01";"0";"CHEMBL3721022";"Inhibition of mouse ITPKb (640 to 942 residues) expressed in Escherichia coli HK100 assessed as reduction in phosphorylation of IP3 to IP4 incubated for 60 mins by kinase-Glo ATP depletion assay";"B";"BAO_0000019";"assay format";"Mus musculus";"None";"None";"None";"None";"";"";"";"CHEMBL3714704";"Kinase";"Mus musculus";"SINGLE PROTEIN";"CHEMBL3714741";"38";"SureChEMBL Patent Bioactivity Data";"";"2011";"None";"";"";"";"80.0"
"CHEMBL3719170";"";"None";"473.46";"0";"3.20";"28";"C[C@@H]1CN(Cc2c[nH]nc2-c2ccc3c(c2)CNC(=O)O3)CCN1c1nccc(C(F)(F)F)n1";"IC50";"'<'";"100.0";"nM";"";"";"";"UO_0000065";"";"";"";"";"0";"CHEMBL3721067";"Inhibition of mouse ITPKb (640 to 942 residues) expressed in Escherichia coli HK100 assessed as reduction in IP3 phosphorylation incubated for 60 mins by kinase-Glo ATP depletion assay";"B";"BAO_0000019";"assay format";"Mus musculus";"None";"None";"None";"None";"";"";"";"CHEMBL3714704";"Kinase";"Mus musculus";"SINGLE PROTEIN";"CHEMBL3714748";"38";"SureChEMBL Patent Bioactivity Data";"";"2012";"None";"";"";"";"100.0"
"CHEMBL3717140";"";"None";"435.41";"0";"3.49";"38";"C[C@@H]1CN(Cc2c[nH]nc2-c2ccc(C(=O)O)o2)CCN1c1ccc(C(F)(F)F)cn1";"IC50";"'='";"435.0";"nM";"6.36";"";"";"UO_0000065";"14.61";"0.28";"2.87";"6.46";"0";"CHEMBL3721022";"Inhibition of mouse ITPKb (640 to 942 residues) expressed in Escherichia coli HK100 assessed as reduction in phosphorylation of IP3 to IP4 incubated for 60 mins by kinase-Glo ATP depletion assay";"B";"BAO_0000019";"assay format";"Mus musculus";"None";"None";"None";"None";"";"";"";"CHEMBL3714704";"Kinase";"Mus musculus";"SINGLE PROTEIN";"CHEMBL3714741";"38";"SureChEMBL Patent Bioactivity Data";"";"2011";"None";"";"";"";"435.0"
"CHEMBL3719384";"";"None";"477.49";"0";"2.25";"42";"C[C@@H]1CN(Cc2c[nH]nc2-c2cc(C(=O)NCCO)c[nH]2)CCN1c1ccc(C(F)(F)F)cn1";"IC50";"'='";"14.0";"nM";"7.85";"";"";"UO_0000065";"16.45";"0.32";"5.60";"6.94";"0";"CHEMBL3721022";"Inhibition of mouse ITPKb (640 to 942 residues) expressed in Escherichia coli HK100 assessed as reduction in phosphorylation of IP3 to IP4 incubated for 60 mins by kinase-Glo ATP depletion assay";"B";"BAO_0000019";"assay format";"Mus musculus";"None";"None";"None";"None";"";"";"";"CHEMBL3714704";"Kinase";"Mus musculus";"SINGLE PROTEIN";"CHEMBL3714741";"38";"SureChEMBL Patent Bioactivity Data";"";"2011";"None";"";"";"";"14.0"
"CHEMBL3717457";"";"None";"466.47";"0";"3.95";"28";"C[C@@H]1CN(Cc2c[nH]nc2-c2nc3cc(C#N)ccc3[nH]2)CCN1c1ccc(C(F)(F)F)cn1";"IC50";"'='";"2448.0";"nM";"5.61";"";"";"UO_0000065";"12.03";"0.23";"1.66";"5.58";"0";"CHEMBL3721022";"Inhibition of mouse ITPKb (640 to 942 residues) expressed in Escherichia coli HK100 assessed as reduction in phosphorylation of IP3 to IP4 incubated for 60 mins by kinase-Glo ATP depletion assay";"B";"BAO_0000019";"assay format";"Mus musculus";"None";"None";"None";"None";"";"";"";"CHEMBL3714704";"Kinase";"Mus musculus";"SINGLE PROTEIN";"CHEMBL3714741";"38";"SureChEMBL Patent Bioactivity Data";"";"2011";"None";"";"";"";"2448.0"
"CHEMBL3718305";"";"None";"393.44";"0";"3.87";"22";"FC(F)(F)c1ccc(N2CCN(Cc3c[nH]nc3-c3cccs3)CC2)nc1";"IC50";"'='";"4325.0";"nM";"5.36";"";"";"UO_0000065";"13.63";"0.27";"1.49";"11.16";"0";"CHEMBL3721022";"Inhibition of mouse ITPKb (640 to 942 residues) expressed in Escherichia coli HK100 assessed as reduction in phosphorylation of IP3 to IP4 incubated for 60 mins by kinase-Glo ATP depletion assay";"B";"BAO_0000019";"assay format";"Mus musculus";"None";"None";"None";"None";"";"";"";"CHEMBL3714704";"Kinase";"Mus musculus";"SINGLE PROTEIN";"CHEMBL3714741";"38";"SureChEMBL Patent Bioactivity Data";"";"2011";"None";"";"";"";"4325.0"
"CHEMBL3718226";"";"None";"405.43";"0";"3.23";"24";"Cc1cnc(-c2n[nH]cc2CN2CCN(c3ccc(C(F)(F)F)cn3)[C@H](C)C2)[nH]1";"IC50";"'='";"10000.0";"nM";"5.00";"";"";"UO_0000065";"12.33";"0.24";"1.77";"6.52";"0";"CHEMBL3721022";"Inhibition of mouse ITPKb (640 to 942 residues) expressed in Escherichia coli HK100 assessed as reduction in phosphorylation of IP3 to IP4 incubated for 60 mins by kinase-Glo ATP depletion assay";"B";"BAO_0000019";"assay format";"Mus musculus";"None";"None";"None";"None";"";"";"";"CHEMBL3714704";"Kinase";"Mus musculus";"SINGLE PROTEIN";"CHEMBL3714741";"38";"SureChEMBL Patent Bioactivity Data";"";"2011";"None";"";"";"";"10000.0"
"CHEMBL3718524";"";"None";"459.44";"0";"2.38";"30";"C[C@@H]1CN(Cc2c[nH]nc2C(=O)Nc2nc[nH]c2C#N)CCN1c1ccc(C(F)(F)F)cn1";"IC50";"'>'";"10000.0";"nM";"";"";"";"UO_0000065";"";"";"";"";"0";"CHEMBL3721022";"Inhibition of mouse ITPKb (640 to 942 residues) expressed in Escherichia coli HK100 assessed as reduction in phosphorylation of IP3 to IP4 incubated for 60 mins by kinase-Glo ATP depletion assay";"B";"BAO_0000019";"assay format";"Mus musculus";"None";"None";"None";"None";"";"";"";"CHEMBL3714704";"Kinase";"Mus musculus";"SINGLE PROTEIN";"CHEMBL3714741";"38";"SureChEMBL Patent Bioactivity Data";"";"2011";"None";"";"";"";"10000.0"
"CHEMBL3715760";"";"None";"500.53";"1";"4.54";"33";"C[C@@H]1CN(Cc2c[nH]nc2-c2ccc3c(c2)C(C)(C)NC(=O)O3)CCN1c1ccc(C(F)(F)F)cn1";"IC50";"'<'";"100.0";"nM";"";"";"";"UO_0000065";"";"";"";"";"0";"CHEMBL3721067";"Inhibition of mouse ITPKb (640 to 942 residues) expressed in Escherichia coli HK100 assessed as reduction in IP3 phosphorylation incubated for 60 mins by kinase-Glo ATP depletion assay";"B";"BAO_0000019";"assay format";"Mus musculus";"None";"None";"None";"None";"";"";"";"CHEMBL3714704";"Kinase";"Mus musculus";"SINGLE PROTEIN";"CHEMBL3714748";"38";"SureChEMBL Patent Bioactivity Data";"";"2012";"None";"";"";"";"100.0"
"CHEMBL3718903";"";"None";"490.46";"0";"3.75";"14";"O=C1NCc2cc(-c3n[nH]cc3CN3CCN(c4ccc(C(F)(F)F)cn4)[C@H](CF)C3)ccc2O1";"IC50";"'<'";"100.0";"nM";"";"";"";"UO_0000065";"";"";"";"";"0";"CHEMBL3721067";"Inhibition of mouse ITPKb (640 to 942 residues) expressed in Escherichia coli HK100 assessed as reduction in IP3 phosphorylation incubated for 60 mins by kinase-Glo ATP depletion assay";"B";"BAO_0000019";"assay format";"Mus musculus";"None";"None";"None";"None";"";"";"";"CHEMBL3714704";"Kinase";"Mus musculus";"SINGLE PROTEIN";"CHEMBL3714748";"38";"SureChEMBL Patent Bioactivity Data";"";"2012";"None";"";"";"";"100.0"
"CHEMBL3718630";"";"None";"458.44";"0";"3.41";"8";"O=C1NCc2cc(-c3n[nH]cc3CN3CCN(c4ccc(C(F)(F)F)cn4)CC3)ccc2O1";"IC50";"'<'";"100.0";"nM";"";"";"";"UO_0000065";"";"";"";"";"0";"CHEMBL3721067";"Inhibition of mouse ITPKb (640 to 942 residues) expressed in Escherichia coli HK100 assessed as reduction in IP3 phosphorylation incubated for 60 mins by kinase-Glo ATP depletion assay";"B";"BAO_0000019";"assay format";"Mus musculus";"None";"None";"None";"None";"";"";"";"CHEMBL3714704";"Kinase";"Mus musculus";"SINGLE PROTEIN";"CHEMBL3714748";"38";"SureChEMBL Patent Bioactivity Data";"";"2012";"None";"";"";"";"100.0"
"CHEMBL3714983";"";"None";"472.47";"0";"3.80";"30; 44";"C[C@H]1CN(Cc2c[nH]nc2-c2ccc3c(c2)CNC(=O)O3)CCN1c1ccc(C(F)(F)F)cn1";"IC50";"'<'";"100.0";"nM";"";"";"";"UO_0000065";"";"";"";"";"0";"CHEMBL3721067";"Inhibition of mouse ITPKb (640 to 942 residues) expressed in Escherichia coli HK100 assessed as reduction in IP3 phosphorylation incubated for 60 mins by kinase-Glo ATP depletion assay";"B";"BAO_0000019";"assay format";"Mus musculus";"None";"None";"None";"None";"";"";"";"CHEMBL3714704";"Kinase";"Mus musculus";"SINGLE PROTEIN";"CHEMBL3714748";"38";"SureChEMBL Patent Bioactivity Data";"";"2012";"None";"";"";"";"100.0"
"CHEMBL3717156";"";"None";"437.93";"0";"4.04";"42";"C[C@@H]1CN(Cc2c[nH]nc2-c2ccc3c(c2)CNC(=O)O3)CCN1c1ccc(Cl)cc1";"IC50";"'<'";"100.0";"nM";"";"";"";"UO_0000065";"";"";"";"";"0";"CHEMBL3721067";"Inhibition of mouse ITPKb (640 to 942 residues) expressed in Escherichia coli HK100 assessed as reduction in IP3 phosphorylation incubated for 60 mins by kinase-Glo ATP depletion assay";"B";"BAO_0000019";"assay format";"Mus musculus";"None";"None";"None";"None";"";"";"";"CHEMBL3714704";"Kinase";"Mus musculus";"SINGLE PROTEIN";"CHEMBL3714748";"38";"SureChEMBL Patent Bioactivity Data";"";"2012";"None";"";"";"";"100.0"
